district_id,district_name,state,latitude,longitude,region,urban_rural_ratio,literacy_rate,internet_penetration
D0001,Anantapur,Andhra Pradesh,15.96,75.2026,Northeast,0.27,0.7971,0.8047
D0002,Chittoor,Andhra Pradesh,30.988,92.6823,Central,0.69,0.8854,0.7908
D0003,East Godavari,Andhra Pradesh,15.1316,90.065,West,0.43,0.7119,0.7884
D0004,Guntur,Andhra Pradesh,34.3258,69.7794,North,0.46,0.6372,0.4793
D0005,Krishna,Andhra Pradesh,32.8625,89.5731,West,0.42,0.8885,0.7142
D0006,Kurnool,Andhra Pradesh,28.8335,90.5294,West,0.75,0.8354,0.5888
D0007,Nellore,Andhra Pradesh,27.941,71.8995,Central,0.88,0.7024,0.8181
D0008,Prakasam,Andhra Pradesh,29.4874,95.2899,East,0.84,0.6463,0.3824
D0009,Srikakulam,Andhra Pradesh,32.6957,92.1482,North,0.45,0.6979,0.4594
D0010,Visakhapatnam,Andhra Pradesh,9.6759,73.3933,East,0.75,0.8256,0.5928
D0011,Vizianagaram,Andhra Pradesh,21.8908,82.8917,Northeast,0.2,0.9627,0.5268
D0012,West Godavari,Andhra Pradesh,9.1739,77.6033,East,0.56,0.6775,0.8
D0013,YSR Kadapa,Andhra Pradesh,30.8374,75.6676,North,0.4,0.9146,0.3462
D0014,Anjaw,Arunachal Pradesh,24.6064,89.0399,South,0.76,0.6846,0.4132
D0015,Changlang,Arunachal Pradesh,10.0276,84.9792,Central,0.34,0.6069,0.3509
D0016,East Kameng,Arunachal Pradesh,24.0892,74.4562,Northeast,0.78,0.8834,0.7487
D0017,East Siang,Arunachal Pradesh,17.3695,81.6985,South,0.34,0.6995,0.2712
D0018,Itanagar,Arunachal Pradesh,15.4211,95.7363,Northeast,0.64,0.8174,0.3861
D0019,Kurung Kumey,Arunachal Pradesh,26.0327,71.8193,Northeast,0.74,0.8415,0.3678
D0020,Lohit,Arunachal Pradesh,25.1311,85.9199,Central,0.81,0.8785,0.3426
D0021,Lower Subansiri,Arunachal Pradesh,30.4202,91.5036,East,0.33,0.603,0.6691
D0022,Papum Pare,Arunachal Pradesh,30.0844,78.7313,Northeast,0.29,0.6774,0.6877
D0023,Tawang,Arunachal Pradesh,8.1443,83.7351,West,0.41,0.5992,0.7682
D0024,Tirap,Arunachal Pradesh,31.8299,93.4096,West,0.54,0.6447,0.3002
D0025,Upper Siang,Arunachal Pradesh,31.243,88.0481,Central,0.76,0.8985,0.5871
D0026,Upper Subansiri,Arunachal Pradesh,19.8152,74.5145,North,0.64,0.8507,0.7462
D0027,West Kameng,Arunachal Pradesh,17.5575,90.7516,Northeast,0.56,0.6644,0.5365
D0028,West Siang,Arunachal Pradesh,23.0585,77.0271,South,0.88,0.9345,0.5545
D0029,Baksa,Assam,22.7741,85.8127,Central,0.23,0.8046,0.4961
D0030,Barpeta,Assam,28.837,95.6555,Central,0.64,0.81,0.7713
D0031,Bongaigaon,Assam,16.4707,82.9545,North,0.46,0.7577,0.7234
D0032,Cachar,Assam,8.4,94.8379,South,0.76,0.9541,0.3789
D0033,Chirang,Assam,19.2174,75.2414,North,0.72,0.8531,0.2564
D0034,Darrang,Assam,13.3734,74.4287,South,0.47,0.8913,0.4534
D0035,Dhemaji,Assam,14.482,88.5966,West,0.42,0.7451,0.3025
D0036,Dhubri,Assam,15.9607,83.841,Northeast,0.46,0.6025,0.7287
D0037,Dibrugarh,Assam,8.1113,76.3981,West,0.7,0.8582,0.4381
D0038,Goalpara,Assam,26.9596,75.2034,Northeast,0.76,0.8679,0.7143
D0039,Golaghat,Assam,11.0442,71.8474,Central,0.7,0.9144,0.4623
D0040,Hailakandi,Assam,12.2483,80.6602,South,0.27,0.8419,0.4089
D0041,Jorhat,Assam,28.9846,90.3585,Central,0.64,0.9264,0.5891
D0042,Kamrup,Assam,31.8028,74.0954,South,0.84,0.9367,0.5633
D0043,Kamrup Metropolitan,Assam,13.6635,73.9125,West,0.46,0.6365,0.5067
D0044,Karbi Anglong,Assam,16.2056,84.7525,East,0.32,0.9364,0.3545
D0045,Karimganj,Assam,28.0411,89.6237,East,0.56,0.7231,0.3082
D0046,Kokrajhar,Assam,30.5389,80.0952,East,0.41,0.7384,0.4999
D0047,Lakhimpur,Assam,20.8976,74.4556,West,0.88,0.7738,0.342
D0048,Morigaon,Assam,16.6741,90.6613,South,0.57,0.7954,0.4388
D0049,Nagaon,Assam,27.391,76.1312,West,0.33,0.619,0.7788
D0050,Nalbari,Assam,18.6375,89.9097,West,0.31,0.6269,0.4036
D0051,Sivasagar,Assam,25.8169,85.7616,West,0.86,0.7697,0.666
D0052,Sonitpur,Assam,12.2158,87.4715,North,0.6,0.8632,0.6622
D0053,Tinsukia,Assam,18.2182,86.9849,North,0.75,0.7594,0.4289
D0054,Udalguri,Assam,17.1546,70.9908,East,0.87,0.6527,0.8367
D0055,Araria,Bihar,20.2308,72.065,South,0.78,0.6952,0.8302
D0056,Arwal,Bihar,22.4816,68.9318,Central,0.82,0.683,0.6606
D0057,Aurangabad,Bihar,10.5223,69.7018,East,0.63,0.6856,0.7128
D0058,Banka,Bihar,19.3832,96.5995,East,0.73,0.6665,0.4672
D0059,Begusarai,Bihar,9.6163,71.7842,Central,0.44,0.5918,0.2999
D0060,Bhagalpur,Bihar,20.8673,96.5247,East,0.27,0.7231,0.3933
D0061,Bhojpur,Bihar,22.8337,82.835,East,0.68,0.8131,0.4574
D0062,Buxar,Bihar,32.1793,83.7364,Central,0.23,0.9436,0.3771
D0063,Darbhanga,Bihar,27.0354,90.4269,West,0.46,0.6725,0.3495
D0064,East Champaran,Bihar,9.0802,87.6188,Central,0.83,0.746,0.8337
D0065,Gaya,Bihar,34.4555,91.2156,North,0.57,0.7263,0.4748
D0066,Gopalganj,Bihar,31.3281,72.053,Central,0.39,0.9528,0.3955
D0067,Jamui,Bihar,27.7916,86.7722,Northeast,0.82,0.8475,0.2922
D0068,Jehanabad,Bihar,34.7943,95.4091,Northeast,0.39,0.8291,0.3415
D0069,Kaimur,Bihar,34.326,92.5567,South,0.4,0.9476,0.5941
D0070,Katihar,Bihar,17.2216,81.3411,Central,0.31,0.7805,0.8261
D0071,Khagaria,Bihar,34.5225,82.0918,Central,0.63,0.9002,0.559
D0072,Kishanganj,Bihar,22.4375,74.9723,North,0.33,0.5928,0.6598
D0073,Lakhisarai,Bihar,12.7543,83.159,East,0.84,0.8924,0.5911
D0074,Madhepura,Bihar,29.9517,96.25,West,0.71,0.8264,0.7449
D0075,Madhubani,Bihar,17.3685,77.006,North,0.32,0.9619,0.4901
D0076,Munger,Bihar,33.4767,93.4518,West,0.74,0.7836,0.6514
D0077,Muzaffarpur,Bihar,12.4024,75.4441,North,0.9,0.5943,0.3042
D0078,Nalanda,Bihar,24.5825,77.6246,West,0.38,0.7935,0.5232
D0079,Nawada,Bihar,34.4866,80.1358,South,0.25,0.8948,0.6443
D0080,Patna,Bihar,34.4866,86.6617,East,0.21,0.8354,0.2934
D0081,Purnia,Bihar,8.0609,87.7848,Central,0.74,0.8495,0.6918
D0082,Rohtas,Bihar,34.0679,86.8662,Central,0.26,0.9555,0.3811
D0083,Saharsa,Bihar,21.3124,95.7557,West,0.84,0.8624,0.8154
D0084,Samastipur,Bihar,24.6786,93.4994,East,0.24,0.934,0.2797
D0085,Saran,Bihar,15.3243,74.9685,East,0.46,0.8018,0.584
D0086,Sheikhpura,Bihar,20.9922,81.8852,Northeast,0.26,0.7098,0.2513
D0087,Sheohar,Bihar,17.7843,77.2232,Central,0.89,0.7185,0.326
D0088,Sitamarhi,Bihar,16.1264,90.2301,Northeast,0.77,0.8966,0.5315
D0089,Siwan,Bihar,27.7119,91.2349,South,0.87,0.7883,0.3426
D0090,Supaul,Bihar,13.7795,79.7558,Northeast,0.37,0.9156,0.4181
D0091,Vaishali,Bihar,24.0043,81.8998,South,0.64,0.6928,0.6332
D0092,West Champaran,Bihar,16.6105,70.6352,South,0.38,0.7757,0.5345
D0093,Balod,Chhattisgarh,23.7589,80.1217,Northeast,0.77,0.5944,0.4908
D0094,Baloda Bazar,Chhattisgarh,14.8332,68.1907,South,0.5,0.9036,0.4358
D0095,Balrampur,Chhattisgarh,34.4034,91.6549,West,0.42,0.7716,0.2837
D0096,Bastar,Chhattisgarh,27.637,74.8822,North,0.29,0.8742,0.3697
D0097,Bemetara,Chhattisgarh,33.2433,75.6486,South,0.86,0.7422,0.2982
D0098,Bijapur,Chhattisgarh,13.0875,71.4755,Northeast,0.31,0.9468,0.3754
D0099,Bilaspur,Chhattisgarh,19.9331,89.1665,Central,0.44,0.8916,0.3135
D0100,Dantewada,Chhattisgarh,16.1995,79.5018,West,0.5,0.5949,0.6541
D0101,Dhamtari,Chhattisgarh,15.3064,70.316,South,0.71,0.6484,0.712
D0102,Durg,Chhattisgarh,32.4598,77.8846,North,0.5,0.8821,0.434
D0103,Gariaband,Chhattisgarh,33.1501,96.629,Northeast,0.55,0.7316,0.6454
D0104,Janjgir-Champa,Chhattisgarh,26.9763,88.4325,West,0.86,0.5806,0.6393
D0105,Jashpur,Chhattisgarh,19.856,74.743,West,0.34,0.6807,0.2514
D0106,Kabirdham,Chhattisgarh,25.8174,85.5585,South,0.85,0.7815,0.3948
D0107,Kanker,Chhattisgarh,34.3451,86.884,Central,0.85,0.8858,0.5694
D0108,Kondagaon,Chhattisgarh,8.1904,80.0073,South,0.4,0.5734,0.6149
D0109,Korba,Chhattisgarh,32.2885,96.6747,Northeast,0.33,0.7506,0.7513
D0110,Koriya,Chhattisgarh,27.7733,93.3301,South,0.67,0.6714,0.5173
D0111,Mahasamund,Chhattisgarh,19.1945,86.9954,South,0.45,0.7076,0.5471
D0112,Mungeli,Chhattisgarh,17.7872,73.4378,East,0.81,0.7618,0.3815
D0113,Narayanpur,Chhattisgarh,29.9524,89.9166,Central,0.67,0.8864,0.7482
D0114,Raigarh,Chhattisgarh,32.2515,85.688,North,0.76,0.7216,0.3867
D0115,Raipur,Chhattisgarh,18.2325,69.6036,East,0.25,0.9155,0.7079
D0116,Rajnandgaon,Chhattisgarh,26.99,95.4072,West,0.56,0.9375,0.6017
D0117,Sukma,Chhattisgarh,31.2842,96.9929,North,0.34,0.9294,0.4678
D0118,Surajpur,Chhattisgarh,20.1009,88.6774,West,0.71,0.7027,0.4034
D0119,Surguja,Chhattisgarh,31.9209,68.996,West,0.23,0.7019,0.3986
D0120,Central Delhi,Delhi,22.5885,68.3143,Northeast,0.75,0.5948,0.7855
D0121,East Delhi,Delhi,28.7188,95.7428,North,0.54,0.9362,0.8299
D0122,New Delhi,Delhi,14.3524,73.3011,Northeast,0.37,0.9146,0.4307
D0123,North Delhi,Delhi,8.518,80.2362,Central,0.35,0.7561,0.2731
D0124,North East Delhi,Delhi,8.8968,72.4993,West,0.75,0.8428,0.575
D0125,North West Delhi,Delhi,20.0697,75.374,South,0.22,0.6454,0.6609
D0126,Shahdara,Delhi,33.9845,84.1263,North,0.73,0.9465,0.5475
D0127,South Delhi,Delhi,11.998,90.4537,West,0.25,0.6594,0.8122
D0128,South East Delhi,Delhi,28.5675,72.9654,East,0.53,0.62,0.385
D0129,South West Delhi,Delhi,14.9441,86.4463,East,0.83,0.8902,0.5832
D0130,West Delhi,Delhi,29.3409,70.7511,Northeast,0.76,0.8554,0.6372
D0131,North Goa,Goa,9.6418,83.0602,West,0.51,0.623,0.3428
D0132,South Goa,Goa,23.4512,76.2305,South,0.64,0.6151,0.4379
D0133,Ahmedabad,Gujarat,28.4225,77.9951,North,0.26,0.5616,0.7139
D0134,Amreli,Gujarat,29.5932,86.4734,North,0.37,0.8484,0.5028
D0135,Anand,Gujarat,30.8418,83.9204,South,0.39,0.7259,0.311
D0136,Aravalli,Gujarat,28.4323,85.6567,Central,0.67,0.6278,0.8253
D0137,Banaskantha,Gujarat,23.5522,71.6726,West,0.82,0.9158,0.5105
D0138,Bharuch,Gujarat,10.3625,79.3095,Northeast,0.48,0.6449,0.748
D0139,Bhavnagar,Gujarat,32.6176,93.6782,North,0.65,0.6834,0.7706
D0140,Botad,Gujarat,16.8479,82.1791,West,0.49,0.7619,0.5496
D0141,Chhota Udaipur,Gujarat,20.5337,90.6968,North,0.39,0.7416,0.7623
D0142,Dahod,Gujarat,28.5667,93.628,South,0.6,0.6018,0.3448
D0143,Dang,Gujarat,31.1328,87.2248,Central,0.44,0.971,0.7703
D0144,Devbhoomi Dwarka,Gujarat,9.2746,69.3591,West,0.33,0.7878,0.5905
D0145,Gandhinagar,Gujarat,14.1258,91.7246,West,0.25,0.7797,0.6881
D0146,Gir Somnath,Gujarat,20.9458,79.1924,Northeast,0.55,0.8019,0.2703
D0147,Jamnagar,Gujarat,26.8078,82.7508,Central,0.24,0.9066,0.4532
D0148,Junagadh,Gujarat,31.4567,94.6631,Central,0.61,0.7358,0.7778
D0149,Kheda,Gujarat,19.1639,68.6024,Northeast,0.74,0.5554,0.341
D0150,Kutch,Gujarat,17.8158,87.5003,Northeast,0.79,0.5957,0.8494
D0151,Mahisagar,Gujarat,24.1253,92.7362,Central,0.45,0.8802,0.7496
D0152,Mehsana,Gujarat,22.1031,76.5852,Northeast,0.87,0.6466,0.721
D0153,Morbi,Gujarat,9.1274,68.0692,East,0.52,0.7849,0.477
D0154,Narmada,Gujarat,11.4775,77.999,East,0.74,0.7654,0.4994
D0155,Navsari,Gujarat,25.3044,68.4733,Northeast,0.29,0.9372,0.4062
D0156,Panchmahal,Gujarat,17.1518,90.4396,Central,0.79,0.5647,0.5547
D0157,Patan,Gujarat,20.4074,74.4292,Central,0.61,0.9665,0.7258
D0158,Porbandar,Gujarat,21.5037,84.6485,South,0.77,0.779,0.2862
D0159,Rajkot,Gujarat,14.9938,96.4689,Central,0.86,0.7912,0.2929
D0160,Sabarkantha,Gujarat,27.2191,94.8964,North,0.84,0.7923,0.8009
D0161,Surat,Gujarat,15.2367,72.1719,East,0.62,0.8134,0.4797
D0162,Surendranagar,Gujarat,14.453,78.1032,Central,0.44,0.8974,0.3706
D0163,Tapi,Gujarat,32.0459,84.2857,East,0.56,0.5731,0.3413
D0164,Vadodara,Gujarat,9.7148,89.8154,Central,0.25,0.7389,0.7036
D0165,Valsad,Gujarat,15.6843,82.4366,Northeast,0.7,0.8122,0.4353
D0166,Ambala,Haryana,25.055,68.0895,South,0.45,0.9035,0.7286
D0167,Bhiwani,Haryana,17.4699,87.1348,Central,0.34,0.9617,0.539
D0168,Charkhi Dadri,Haryana,20.3646,92.5516,East,0.58,0.8691,0.783
D0169,Faridabad,Haryana,11.976,79.9106,North,0.51,0.9528,0.6292
D0170,Fatehabad,Haryana,23.6038,93.2202,North,0.81,0.8165,0.5024
D0171,Gurugram,Haryana,31.4019,76.6428,North,0.63,0.7948,0.4208
D0172,Hisar,Haryana,15.413,78.3709,East,0.89,0.914,0.7018
D0173,Jhajjar,Haryana,11.6587,71.1281,South,0.3,0.9172,0.7742
D0174,Jind,Haryana,19.248,85.6242,North,0.75,0.6661,0.6183
D0175,Kaithal,Haryana,26.1135,96.5478,South,0.63,0.7132,0.2676
D0176,Karnal,Haryana,29.2466,81.5848,Central,0.86,0.5612,0.3172
D0177,Kurukshetra,Haryana,17.9852,81.1229,South,0.37,0.8218,0.3949
D0178,Mahendragarh,Haryana,26.1968,91.8771,West,0.23,0.6558,0.8347
D0179,Nuh,Haryana,29.5452,95.9095,North,0.63,0.7064,0.4382
D0180,Palwal,Haryana,18.5718,86.9341,West,0.5,0.7153,0.7838
D0181,Panchkula,Haryana,29.067,71.8324,North,0.8,0.5603,0.3183
D0182,Panipat,Haryana,33.7806,71.6477,West,0.31,0.8107,0.5316
D0183,Rewari,Haryana,14.9189,85.1411,South,0.59,0.676,0.6851
D0184,Rohtak,Haryana,19.5191,91.5805,South,0.33,0.5837,0.6987
D0185,Sirsa,Haryana,27.9806,92.6594,North,0.36,0.798,0.3434
D0186,Sonipat,Haryana,16.0011,91.5605,East,0.66,0.6277,0.3675
D0187,Yamunanagar,Haryana,8.4463,84.7629,North,0.81,0.9645,0.7092
D0188,Bilaspur,Himachal Pradesh,26.5194,89.8305,North,0.21,0.5689,0.7616
D0189,Chamba,Himachal Pradesh,19.0703,78.51,Northeast,0.62,0.5712,0.8067
D0190,Hamirpur,Himachal Pradesh,9.4739,74.2986,North,0.32,0.8669,0.5872
D0191,Kangra,Himachal Pradesh,22.901,74.5431,Central,0.69,0.8324,0.4009
D0192,Kinnaur,Himachal Pradesh,13.3329,68.4139,South,0.24,0.9604,0.4495
D0193,Kullu,Himachal Pradesh,29.9777,84.4054,West,0.77,0.9331,0.4089
D0194,Lahaul and Spiti,Himachal Pradesh,11.8304,73.6882,Central,0.4,0.6495,0.8373
D0195,Mandi,Himachal Pradesh,26.0903,92.1345,Northeast,0.46,0.921,0.6029
D0196,Shimla,Himachal Pradesh,25.7497,77.4563,North,0.8,0.6137,0.3723
D0197,Sirmaur,Himachal Pradesh,28.2118,68.7468,West,0.25,0.7451,0.6496
D0198,Solan,Himachal Pradesh,21.9468,74.2967,East,0.3,0.5841,0.5837
D0199,Una,Himachal Pradesh,29.3957,76.4407,North,0.47,0.6327,0.7068
D0200,Bokaro,Jharkhand,29.7669,89.2997,West,0.54,0.8599,0.407
D0201,Chatra,Jharkhand,32.0796,79.1409,North,0.58,0.6663,0.4112
D0202,Deoghar,Jharkhand,10.1026,86.9062,Central,0.77,0.6747,0.4094
D0203,Dhanbad,Jharkhand,27.368,83.1005,Northeast,0.4,0.5572,0.4585
D0204,Dumka,Jharkhand,9.9336,92.8936,South,0.29,0.9747,0.3658
D0205,East Singhbhum,Jharkhand,15.8058,92.0539,South,0.22,0.8877,0.7788
D0206,Garhwa,Jharkhand,10.427,90.3317,Central,0.32,0.7839,0.5816
D0207,Giridih,Jharkhand,20.7137,94.1523,East,0.47,0.6515,0.299
D0208,Godda,Jharkhand,31.3466,77.9472,East,0.89,0.7982,0.7972
D0209,Gumla,Jharkhand,19.0219,85.5246,Central,0.34,0.8609,0.4322
D0210,Hazaribagh,Jharkhand,25.4186,74.1095,Northeast,0.71,0.976,0.7369
D0211,Jamtara,Jharkhand,15.1768,91.1873,West,0.74,0.7584,0.6679
D0212,Khunti,Jharkhand,10.2031,92.218,Northeast,0.23,0.9087,0.3736
D0213,Koderma,Jharkhand,24.4329,83.2016,Northeast,0.37,0.6284,0.2604
D0214,Latehar,Jharkhand,26.5875,78.8879,Northeast,0.33,0.7704,0.6801
D0215,Lohardaga,Jharkhand,17.9359,79.9232,Northeast,0.59,0.6054,0.6813
D0216,Pakur,Jharkhand,16.4917,90.4708,North,0.45,0.923,0.6129
D0217,Palamu,Jharkhand,29.036,71.3226,North,0.45,0.5612,0.5726
D0218,Ramgarh,Jharkhand,25.4365,87.8005,Northeast,0.73,0.932,0.5721
D0219,Ranchi,Jharkhand,9.1725,75.8837,North,0.33,0.7054,0.5688
D0220,Sahebganj,Jharkhand,30.6155,81.9475,Northeast,0.51,0.5779,0.733
D0221,Seraikela Kharsawan,Jharkhand,16.7972,88.9361,Central,0.78,0.6894,0.8249
D0222,Simdega,Jharkhand,27.7282,92.0555,East,0.88,0.7902,0.2943
D0223,West Singhbhum,Jharkhand,23.2596,80.1524,South,0.61,0.7686,0.7119
D0224,Bagalkot,Karnataka,19.8452,76.9815,Central,0.36,0.6162,0.2672
D0225,Ballari,Karnataka,26.7948,90.051,East,0.87,0.5788,0.4473
D0226,Belagavi,Karnataka,34.2044,79.5523,Northeast,0.87,0.8436,0.2553
D0227,Bengaluru Rural,Karnataka,26.0757,86.9958,West,0.66,0.7395,0.7665
D0228,Bengaluru Urban,Karnataka,15.9464,68.8385,Northeast,0.43,0.6391,0.704
D0229,Bidar,Karnataka,10.6284,84.3202,North,0.8,0.8913,0.3115
D0230,Chamarajanagar,Karnataka,29.055,86.5904,Northeast,0.26,0.7896,0.263
D0231,Chikkaballapur,Karnataka,17.178,85.7497,North,0.78,0.6406,0.3535
D0232,Chikkamagaluru,Karnataka,26.7807,87.0375,North,0.66,0.5684,0.7625
D0233,Chitradurga,Karnataka,29.6895,81.4186,Central,0.84,0.7341,0.4975
D0234,Dakshina Kannada,Karnataka,20.0148,89.196,Northeast,0.7,0.8939,0.7247
D0235,Davanagere,Karnataka,27.8917,71.9644,East,0.75,0.9752,0.6611
D0236,Dharwad,Karnataka,14.5849,68.1609,West,0.7,0.5841,0.6785
D0237,Gadag,Karnataka,30.6447,68.3675,North,0.26,0.6418,0.6967
D0238,Hassan,Karnataka,16.0252,68.9031,South,0.75,0.6816,0.5047
D0239,Haveri,Karnataka,23.0272,70.1655,Central,0.35,0.8785,0.7674
D0240,Kalaburagi,Karnataka,11.9951,68.1612,South,0.27,0.6194,0.4947
D0241,Kodagu,Karnataka,15.966,96.4603,North,0.65,0.5614,0.3953
D0242,Kolar,Karnataka,13.2163,75.5645,North,0.89,0.9604,0.818
D0243,Koppal,Karnataka,24.0694,76.5461,East,0.61,0.7034,0.5337
D0244,Mandya,Karnataka,20.6559,91.2006,Central,0.86,0.7915,0.3541
D0245,Mysuru,Karnataka,19.2412,78.9123,West,0.3,0.9336,0.2939
D0246,Raichur,Karnataka,21.5783,77.5897,Central,0.44,0.8777,0.3216
D0247,Ramanagara,Karnataka,31.131,70.0557,South,0.73,0.7024,0.3803
D0248,Shivamogga,Karnataka,30.0712,86.4416,East,0.6,0.8144,0.3648
D0249,Tumakuru,Karnataka,32.8479,92.0727,Central,0.64,0.7463,0.3439
D0250,Udupi,Karnataka,24.0332,68.3327,Northeast,0.86,0.9353,0.8352
D0251,Uttara Kannada,Karnataka,19.832,92.0555,Central,0.27,0.9086,0.6595
D0252,Vijayapura,Karnataka,30.3699,82.0344,Central,0.37,0.643,0.8017
D0253,Yadgir,Karnataka,22.0448,87.5625,East,0.81,0.8159,0.6308
D0254,Alappuzha,Kerala,14.6749,79.6756,Central,0.47,0.6193,0.6665
D0255,Ernakulam,Kerala,17.1093,80.0721,Northeast,0.87,0.9238,0.545
D0256,Idukki,Kerala,30.7929,90.9268,North,0.85,0.8458,0.6532
D0257,Kannur,Kerala,27.264,74.5181,Northeast,0.33,0.6159,0.5815
D0258,Kasaragod,Kerala,13.2927,96.0292,West,0.32,0.7964,0.3587
D0259,Kollam,Kerala,25.9621,92.8946,South,0.37,0.6219,0.8058
D0260,Kottayam,Kerala,8.4862,73.7368,Central,0.78,0.8553,0.8304
D0261,Kozhikode,Kerala,26.7611,74.8532,Northeast,0.61,0.7603,0.2776
D0262,Malappuram,Kerala,9.5088,94.7036,East,0.66,0.8664,0.3196
D0263,Palakkad,Kerala,16.8886,81.2849,West,0.22,0.9769,0.479
D0264,Pathanamthitta,Kerala,34.1137,86.7879,South,0.24,0.9631,0.4942
D0265,Thiruvananthapuram,Kerala,11.6918,87.4639,Central,0.45,0.8954,0.6188
D0266,Thrissur,Kerala,14.4511,85.7257,West,0.42,0.9273,0.6651
D0267,Wayanad,Kerala,32.2862,85.5778,Northeast,0.56,0.6097,0.5774
D0268,Agar Malwa,Madhya Pradesh,25.9066,82.2482,South,0.57,0.894,0.7344
D0269,Alirajpur,Madhya Pradesh,9.2558,73.9056,West,0.24,0.9746,0.6274
D0270,Anuppur,Madhya Pradesh,29.801,84.9344,West,0.8,0.7424,0.6444
D0271,Ashoknagar,Madhya Pradesh,30.887,89.0222,South,0.31,0.5853,0.4194
D0272,Balaghat,Madhya Pradesh,8.1073,85.6802,East,0.53,0.6029,0.8077
D0273,Barwani,Madhya Pradesh,29.3893,90.6512,South,0.68,0.6988,0.4102
D0274,Betul,Madhya Pradesh,23.7687,93.9621,North,0.73,0.7855,0.436
D0275,Bhind,Madhya Pradesh,25.1865,88.7177,North,0.53,0.6329,0.7384
D0276,Bhopal,Madhya Pradesh,8.9091,87.0347,South,0.84,0.5736,0.7839
D0277,Burhanpur,Madhya Pradesh,14.8063,86.9421,West,0.37,0.957,0.5303
D0278,Chhatarpur,Madhya Pradesh,25.2065,68.8805,Northeast,0.42,0.8253,0.702
D0279,Chhindwara,Madhya Pradesh,11.5082,79.0118,Northeast,0.23,0.8534,0.8379
D0280,Damoh,Madhya Pradesh,24.512,77.8425,Northeast,0.5,0.7698,0.8287
D0281,Datia,Madhya Pradesh,32.0597,74.8927,North,0.71,0.9625,0.6061
D0282,Dewas,Madhya Pradesh,34.3472,73.1985,Central,0.6,0.7067,0.5504
D0283,Dhar,Madhya Pradesh,12.341,81.4288,East,0.59,0.75,0.3051
D0284,Dindori,Madhya Pradesh,26.3592,89.62,Northeast,0.75,0.6051,0.4256
D0285,Guna,Madhya Pradesh,13.2721,93.2328,South,0.58,0.6684,0.5544
D0286,Gwalior,Madhya Pradesh,12.5188,89.9697,Central,0.57,0.8205,0.5026
D0287,Harda,Madhya Pradesh,15.8301,95.7906,Northeast,0.63,0.6751,0.7272
D0288,Hoshangabad,Madhya Pradesh,10.1194,79.5372,West,0.45,0.8148,0.497
D0289,Indore,Madhya Pradesh,12.8375,86.1556,North,0.89,0.9032,0.3582
D0290,Jabalpur,Madhya Pradesh,13.4288,68.3157,West,0.42,0.7811,0.4474
D0291,Jhabua,Madhya Pradesh,19.4826,83.1447,Northeast,0.28,0.8325,0.6593
D0292,Katni,Madhya Pradesh,9.3485,93.4576,West,0.82,0.5905,0.6783
D0293,Khandwa,Madhya Pradesh,15.6682,81.9602,East,0.31,0.699,0.8356
D0294,Khargone,Madhya Pradesh,11.68,70.4167,West,0.53,0.6409,0.6141
D0295,Mandla,Madhya Pradesh,23.7672,95.1252,Central,0.74,0.8617,0.5137
D0296,Mandsaur,Madhya Pradesh,22.2296,81.3849,East,0.44,0.9619,0.3603
D0297,Morena,Madhya Pradesh,31.9424,89.3673,Northeast,0.64,0.7319,0.5133
D0298,Narsinghpur,Madhya Pradesh,29.4942,91.515,South,0.74,0.8983,0.4493
D0299,Neemuch,Madhya Pradesh,24.8307,80.638,Central,0.46,0.7454,0.336
D0300,Panna,Madhya Pradesh,8.6577,74.4213,West,0.78,0.5774,0.5262
D0301,Raisen,Madhya Pradesh,12.834,75.353,West,0.46,0.5704,0.8293
D0302,Rajgarh,Madhya Pradesh,15.3249,69.5472,East,0.65,0.8847,0.5866
D0303,Ratlam,Madhya Pradesh,29.756,86.2361,East,0.3,0.8351,0.7828
D0304,Rewa,Madhya Pradesh,21.9305,84.2103,West,0.77,0.7354,0.3792
D0305,Sagar,Madhya Pradesh,10.5022,75.6242,Central,0.78,0.8229,0.5313
D0306,Satna,Madhya Pradesh,19.0931,69.2793,West,0.36,0.871,0.2681
D0307,Sehore,Madhya Pradesh,27.7513,93.9634,Northeast,0.53,0.9611,0.6759
D0308,Seoni,Madhya Pradesh,18.7689,86.3334,Northeast,0.32,0.886,0.8485
D0309,Shahdol,Madhya Pradesh,27.4382,84.8151,East,0.88,0.7233,0.6561
D0310,Shajapur,Madhya Pradesh,15.2967,89.6791,East,0.47,0.6367,0.2919
D0311,Sheopur,Madhya Pradesh,17.4257,85.3951,Northeast,0.33,0.9408,0.5214
D0312,Shivpuri,Madhya Pradesh,23.9858,69.033,West,0.85,0.8868,0.8027
D0313,Sidhi,Madhya Pradesh,32.0299,79.6102,South,0.22,0.9255,0.3465
D0314,Singrauli,Madhya Pradesh,9.5802,92.8732,Northeast,0.27,0.8286,0.6734
D0315,Tikamgarh,Madhya Pradesh,23.345,77.6317,Central,0.87,0.7798,0.4882
D0316,Ujjain,Madhya Pradesh,27.1212,70.2086,North,0.8,0.8767,0.5612
D0317,Umaria,Madhya Pradesh,27.4307,95.1778,East,0.32,0.6286,0.7854
D0318,Vidisha,Madhya Pradesh,10.0221,85.2295,East,0.65,0.7217,0.5588
D0319,Ahmednagar,Maharashtra,32.0771,81.3232,Central,0.46,0.746,0.8205
D0320,Akola,Maharashtra,14.5283,88.9084,Central,0.57,0.7792,0.395
D0321,Amravati,Maharashtra,9.4411,86.9464,South,0.3,0.9794,0.5175
D0322,Aurangabad,Maharashtra,22.5527,85.8773,Northeast,0.65,0.7962,0.5002
D0323,Beed,Maharashtra,24.8913,78.4447,Northeast,0.62,0.593,0.724
D0324,Bhandara,Maharashtra,33.7406,94.5802,Central,0.7,0.617,0.2954
D0325,Buldhana,Maharashtra,30.1684,88.1599,South,0.83,0.5964,0.2779
D0326,Chandrapur,Maharashtra,17.3781,84.7851,East,0.2,0.7799,0.2618
D0327,Dhule,Maharashtra,20.1682,70.3861,West,0.42,0.7559,0.8246
D0328,Gadchiroli,Maharashtra,17.2062,88.8592,West,0.36,0.681,0.5256
D0329,Gondia,Maharashtra,31.9655,87.9345,West,0.34,0.9431,0.3644
D0330,Hingoli,Maharashtra,22.2764,89.9095,Northeast,0.53,0.8009,0.6597
D0331,Jalgaon,Maharashtra,33.9663,94.2683,West,0.48,0.8704,0.4235
D0332,Jalna,Maharashtra,14.2648,96.9163,Northeast,0.38,0.6712,0.4148
D0333,Kolhapur,Maharashtra,24.3243,93.9192,Central,0.64,0.8821,0.6897
D0334,Latur,Maharashtra,12.6457,83.7915,West,0.27,0.7581,0.2877
D0335,Mumbai City,Maharashtra,8.0696,73.8495,East,0.3,0.5673,0.5121
D0336,Mumbai Suburban,Maharashtra,15.6613,68.212,West,0.44,0.7335,0.407
D0337,Nagpur,Maharashtra,18.148,82.3026,West,0.54,0.817,0.5536
D0338,Nanded,Maharashtra,32.9617,81.8761,North,0.75,0.7709,0.3202
D0339,Nandurbar,Maharashtra,20.463,87.9345,North,0.71,0.8327,0.5311
D0340,Nashik,Maharashtra,21.943,72.6281,North,0.49,0.8613,0.4102
D0341,Osmanabad,Maharashtra,24.3556,84.0787,West,0.47,0.681,0.3751
D0342,Palghar,Maharashtra,12.4649,78.9306,Northeast,0.65,0.7948,0.3671
D0343,Parbhani,Maharashtra,12.9791,89.4425,Northeast,0.5,0.9069,0.2811
D0344,Pune,Maharashtra,25.1979,91.737,South,0.25,0.8859,0.3377
D0345,Raigad,Maharashtra,31.3917,80.0445,Northeast,0.9,0.7285,0.7981
D0346,Ratnagiri,Maharashtra,32.096,91.5463,North,0.24,0.756,0.7742
D0347,Sangli,Maharashtra,20.988,68.0472,Central,0.58,0.9509,0.4816
D0348,Satara,Maharashtra,10.8557,88.8949,Northeast,0.86,0.6003,0.484
D0349,Sindhudurg,Maharashtra,24.2385,81.7064,South,0.36,0.7877,0.555
D0350,Solapur,Maharashtra,34.7685,81.4483,Central,0.86,0.6912,0.4294
D0351,Thane,Maharashtra,33.4372,84.7566,North,0.7,0.9088,0.6282
D0352,Wardha,Maharashtra,16.2394,85.3835,East,0.36,0.5753,0.758
D0353,Washim,Maharashtra,25.4775,94.3496,North,0.85,0.7751,0.3312
D0354,Yavatmal,Maharashtra,14.8021,72.2041,West,0.65,0.7642,0.5897
D0355,Bishnupur,Manipur,17.7103,69.4948,South,0.8,0.8522,0.7116
D0356,Chandel,Manipur,11.3121,69.428,Northeast,0.6,0.9574,0.6152
D0357,Churachandpur,Manipur,31.6492,87.4814,East,0.67,0.8983,0.6348
D0358,Imphal East,Manipur,8.8102,84.9966,Northeast,0.67,0.6326,0.8086
D0359,Imphal West,Manipur,33.0865,92.5002,East,0.78,0.6474,0.332
D0360,Jiribam,Manipur,30.5984,75.0589,North,0.8,0.6495,0.6453
D0361,Kakching,Manipur,33.3493,77.7215,South,0.7,0.6978,0.6872
D0362,Kamjong,Manipur,19.0962,83.2799,South,0.39,0.7423,0.7299
D0363,Kangpokpi,Manipur,14.2972,94.3081,North,0.57,0.5818,0.8236
D0364,Noney,Manipur,19.3608,70.9719,North,0.75,0.5779,0.6058
D0365,Pherzawl,Manipur,27.5208,84.6148,West,0.89,0.6043,0.7112
D0366,Senapati,Manipur,25.9358,91.2427,Central,0.25,0.5651,0.7249
D0367,Tamenglong,Manipur,22.1892,72.2838,Central,0.26,0.612,0.2671
D0368,Tengnoupal,Manipur,28.6561,78.6372,South,0.63,0.8977,0.4925
D0369,Thoubal,Manipur,31.6341,90.4668,East,0.46,0.7259,0.7198
D0370,Ukhrul,Manipur,22.003,79.7601,West,0.34,0.6097,0.6693
D0371,East Garo Hills,Meghalaya,10.8537,68.5837,East,0.88,0.7514,0.816
D0372,East Jaintia Hills,Meghalaya,29.7051,96.065,West,0.88,0.606,0.6101
D0373,East Khasi Hills,Meghalaya,19.6249,72.5458,Northeast,0.75,0.9648,0.3013
D0374,North Garo Hills,Meghalaya,14.4496,91.9997,North,0.81,0.5814,0.7658
D0375,Ri Bhoi,Meghalaya,27.3047,86.7344,East,0.36,0.9666,0.6642
D0376,South Garo Hills,Meghalaya,30.6977,95.6776,South,0.66,0.9222,0.681
D0377,South West Garo Hills,Meghalaya,9.3792,88.3291,Northeast,0.82,0.6745,0.6001
D0378,South West Khasi Hills,Meghalaya,17.0231,71.2931,South,0.25,0.776,0.6722
D0379,West Garo Hills,Meghalaya,21.3304,84.1523,West,0.28,0.595,0.3173
D0380,West Jaintia Hills,Meghalaya,15.9617,68.0541,East,0.76,0.8903,0.4428
D0381,West Khasi Hills,Meghalaya,29.4926,71.5929,North,0.3,0.9738,0.6024
D0382,Aizawl,Mizoram,29.1058,84.3391,South,0.3,0.9393,0.2983
D0383,Champhai,Mizoram,31.6096,82.7006,Central,0.37,0.9364,0.6023
D0384,Kolasib,Mizoram,26.2439,84.1461,Central,0.3,0.9767,0.4768
D0385,Lawngtlai,Mizoram,31.1606,92.0225,West,0.85,0.6034,0.6503
D0386,Lunglei,Mizoram,25.1483,88.2429,South,0.47,0.9704,0.7403
D0387,Mamit,Mizoram,21.107,73.2858,West,0.88,0.7195,0.3622
D0388,Saiha,Mizoram,12.8446,92.8638,South,0.49,0.7336,0.3533
D0389,Serchhip,Mizoram,14.8976,82.2885,Northeast,0.27,0.6238,0.5264
D0390,Dimapur,Nagaland,32.1581,89.6409,Central,0.33,0.7496,0.663
D0391,Kiphire,Nagaland,13.2759,70.418,West,0.35,0.9229,0.7469
D0392,Kohima,Nagaland,8.9246,89.2397,Northeast,0.29,0.7614,0.4225
D0393,Longleng,Nagaland,30.6397,87.2623,Central,0.25,0.941,0.7134
D0394,Mokokchung,Nagaland,32.6733,78.6182,East,0.77,0.6912,0.4534
D0395,Mon,Nagaland,17.6448,85.0748,South,0.48,0.8441,0.7367
D0396,Peren,Nagaland,12.7101,93.2482,West,0.42,0.6606,0.4463
D0397,Phek,Nagaland,9.8778,75.4697,Central,0.84,0.6991,0.8303
D0398,Tuensang,Nagaland,30.9281,76.567,Central,0.52,0.7529,0.3617
D0399,Wokha,Nagaland,23.0158,88.1765,North,0.53,0.6147,0.3081
D0400,Zunheboto,Nagaland,21.733,78.0823,South,0.57,0.9241,0.8299
D0401,Angul,Odisha,34.9733,90.0161,South,0.89,0.7751,0.4603
D0402,Balangir,Odisha,12.3874,91.5585,North,0.45,0.8854,0.6181
D0403,Balasore,Odisha,19.4941,94.6587,East,0.71,0.8319,0.7651
D0404,Bargarh,Odisha,29.9342,96.6819,South,0.84,0.865,0.6552
D0405,Bhadrak,Odisha,12.429,80.453,Northeast,0.77,0.8439,0.7032
D0406,Boudh,Odisha,22.6664,79.0733,North,0.23,0.623,0.5827
D0407,Cuttack,Odisha,25.3341,70.9851,West,0.41,0.5592,0.6993
D0408,Deogarh,Odisha,20.8165,94.1942,Central,0.3,0.7846,0.5145
D0409,Dhenkanal,Odisha,18.5524,95.0825,Northeast,0.56,0.7072,0.5633
D0410,Gajapati,Odisha,10.2354,81.3033,South,0.23,0.6528,0.6954
D0411,Ganjam,Odisha,29.1502,91.2455,Northeast,0.41,0.7577,0.2824
D0412,Jagatsinghpur,Odisha,19.618,91.2782,Central,0.61,0.598,0.7306
D0413,Jajpur,Odisha,21.4527,91.8232,North,0.43,0.7567,0.8197
D0414,Jharsuguda,Odisha,23.6915,94.2549,West,0.78,0.6483,0.4074
D0415,Kalahandi,Odisha,24.7768,93.0743,South,0.27,0.9496,0.5712
D0416,Kandhamal,Odisha,17.2524,89.8523,West,0.86,0.776,0.511
D0417,Kendrapara,Odisha,21.1532,84.0894,West,0.61,0.9087,0.5864
D0418,Kendujhar,Odisha,31.8423,72.0087,Northeast,0.87,0.7963,0.3515
D0419,Khordha,Odisha,12.3674,90.0475,Central,0.48,0.5772,0.3732
D0420,Koraput,Odisha,19.9496,96.7964,Central,0.79,0.9728,0.6966
D0421,Malkangiri,Odisha,26.8429,92.8519,Central,0.26,0.7958,0.3447
D0422,Mayurbhanj,Odisha,25.5732,71.4123,West,0.52,0.844,0.6556
D0423,Nabarangpur,Odisha,18.149,96.7927,Central,0.31,0.8458,0.5571
D0424,Nayagarh,Odisha,15.3139,91.4404,South,0.31,0.6733,0.6488
D0425,Nuapada,Odisha,21.0465,73.2649,South,0.77,0.8394,0.5411
D0426,Puri,Odisha,27.2183,74.2636,Central,0.36,0.6702,0.3853
D0427,Rayagada,Odisha,19.6275,90.2025,South,0.34,0.8656,0.2769
D0428,Sambalpur,Odisha,22.946,71.1929,Central,0.82,0.5544,0.7206
D0429,Sonepur,Odisha,23.4497,81.5975,South,0.36,0.888,0.3394
D0430,Sundargarh,Odisha,22.2384,74.0213,North,0.71,0.7718,0.3168
D0431,Amritsar,Punjab,9.6954,82.5237,West,0.42,0.8063,0.3831
D0432,Barnala,Punjab,17.6858,81.3303,North,0.81,0.6949,0.3032
D0433,Bathinda,Punjab,32.9755,68.8902,Central,0.39,0.7039,0.5833
D0434,Faridkot,Punjab,15.6228,77.3676,West,0.67,0.7017,0.6135
D0435,Fatehgarh Sahib,Punjab,30.8381,91.0719,Northeast,0.29,0.8862,0.3987
D0436,Fazilka,Punjab,32.0593,88.934,North,0.32,0.9469,0.2655
D0437,Ferozepur,Punjab,18.8484,74.1148,Central,0.41,0.8782,0.4148
D0438,Gurdaspur,Punjab,9.4283,90.8167,East,0.79,0.8182,0.7486
D0439,Hoshiarpur,Punjab,18.3003,84.2259,South,0.24,0.9112,0.7959
D0440,Jalandhar,Punjab,13.9246,80.3456,East,0.8,0.8052,0.7948
D0441,Kapurthala,Punjab,14.5767,89.0938,North,0.64,0.7651,0.7549
D0442,Ludhiana,Punjab,33.6789,91.6888,Northeast,0.31,0.7094,0.5181
D0443,Mansa,Punjab,32.5232,77.7171,Northeast,0.39,0.5904,0.4961
D0444,Moga,Punjab,32.984,79.9722,South,0.87,0.772,0.533
D0445,Mohali,Punjab,30.3792,71.7406,Central,0.47,0.9197,0.3447
D0446,Muktsar,Punjab,32.2307,82.8341,West,0.43,0.5522,0.8199
D0447,Nawanshahr,Punjab,14.0743,94.3824,Northeast,0.46,0.7627,0.3763
D0448,Pathankot,Punjab,11.5499,84.2693,North,0.67,0.7619,0.4855
D0449,Patiala,Punjab,17.276,84.7439,West,0.86,0.9587,0.5341
D0450,Rupnagar,Punjab,19.2024,93.2098,West,0.64,0.8413,0.4789
D0451,Sangrur,Punjab,19.2791,94.4111,Central,0.33,0.9001,0.5024
D0452,Tarn Taran,Punjab,10.2589,77.423,Central,0.65,0.8835,0.5687
D0453,Ajmer,Rajasthan,9.3306,82.8088,Central,0.38,0.5905,0.7351
D0454,Alwar,Rajasthan,27.3513,71.1728,Northeast,0.6,0.6186,0.8007
D0455,Banswara,Rajasthan,31.6107,75.803,North,0.33,0.7823,0.3476
D0456,Baran,Rajasthan,12.9667,74.999,Central,0.47,0.7387,0.6359
D0457,Barmer,Rajasthan,32.8632,94.6157,Central,0.75,0.8615,0.3935
D0458,Bharatpur,Rajasthan,34.6641,94.8052,Northeast,0.88,0.7569,0.6416
D0459,Bhilwara,Rajasthan,14.3288,83.1735,Northeast,0.36,0.7744,0.6448
D0460,Bikaner,Rajasthan,15.4822,81.5025,West,0.25,0.7283,0.6973
D0461,Bundi,Rajasthan,18.6668,84.5625,Central,0.22,0.9165,0.2612
D0462,Chittorgarh,Rajasthan,22.8253,74.4604,West,0.25,0.7185,0.4746
D0463,Churu,Rajasthan,11.3949,84.5728,Northeast,0.22,0.8082,0.6969
D0464,Dausa,Rajasthan,20.9564,72.3208,Northeast,0.59,0.9227,0.7145
D0465,Dholpur,Rajasthan,25.7589,75.7375,Central,0.32,0.9518,0.2586
D0466,Dungarpur,Rajasthan,22.1221,80.4964,North,0.41,0.6033,0.4946
D0467,Hanumangarh,Rajasthan,14.1204,68.4845,East,0.87,0.9222,0.5424
D0468,Jaipur,Rajasthan,23.583,90.4994,North,0.46,0.8607,0.5536
D0469,Jaisalmer,Rajasthan,19.028,95.3564,South,0.69,0.7392,0.3684
D0470,Jalore,Rajasthan,31.8949,86.2928,East,0.39,0.8421,0.7747
D0471,Jhalawar,Rajasthan,22.4757,86.5794,South,0.73,0.8215,0.5045
D0472,Jhunjhunu,Rajasthan,12.7549,84.0899,North,0.37,0.6871,0.3783
D0473,Jodhpur,Rajasthan,17.6302,75.1021,South,0.86,0.6712,0.4985
D0474,Karauli,Rajasthan,18.0543,73.7504,North,0.53,0.8537,0.5122
D0475,Kota,Rajasthan,14.3218,80.0297,North,0.56,0.6868,0.4038
D0476,Nagaur,Rajasthan,10.4026,80.1793,East,0.3,0.9264,0.7674
D0477,Pali,Rajasthan,31.4511,95.5659,Central,0.31,0.8202,0.3044
D0478,Pratapgarh,Rajasthan,11.8836,72.6136,East,0.66,0.9544,0.3795
D0479,Rajsamand,Rajasthan,16.2858,79.8151,Central,0.26,0.8004,0.7713
D0480,Sawai Madhopur,Rajasthan,17.4749,95.9907,North,0.81,0.8117,0.7891
D0481,Sikar,Rajasthan,13.4779,70.3681,Central,0.7,0.5719,0.3336
D0482,Sirohi,Rajasthan,10.0668,85.228,East,0.7,0.5745,0.5557
D0483,Sri Ganganagar,Rajasthan,20.1189,79.2189,West,0.75,0.6532,0.5249
D0484,Tonk,Rajasthan,31.7887,77.229,South,0.82,0.6919,0.5307
D0485,Udaipur,Rajasthan,10.3541,82.3457,Central,0.36,0.6795,0.6287
D0486,East Sikkim,Sikkim,28.2434,89.1879,East,0.35,0.9666,0.371
D0487,North Sikkim,Sikkim,12.1777,80.3464,North,0.6,0.7168,0.7229
D0488,South Sikkim,Sikkim,18.885,84.1981,North,0.46,0.7286,0.6359
D0489,West Sikkim,Sikkim,16.917,70.7346,Central,0.71,0.87,0.6331
D0490,Ariyalur,Tamil Nadu,32.7764,75.684,East,0.89,0.6128,0.5878
D0491,Chengalpattu,Tamil Nadu,33.5641,81.5384,Central,0.24,0.5654,0.8004
D0492,Chennai,Tamil Nadu,10.5094,90.7553,South,0.28,0.7857,0.5128
D0493,Coimbatore,Tamil Nadu,19.6178,76.2021,West,0.88,0.5509,0.7133
D0494,Cuddalore,Tamil Nadu,22.2157,70.4817,Central,0.46,0.6548,0.7835
D0495,Dharmapuri,Tamil Nadu,32.1735,87.7549,South,0.61,0.5801,0.6943
D0496,Dindigul,Tamil Nadu,15.9246,71.3185,East,0.75,0.6478,0.6409
D0497,Erode,Tamil Nadu,30.408,88.9802,North,0.22,0.7311,0.7229
D0498,Kallakurichi,Tamil Nadu,23.488,91.4807,North,0.62,0.8177,0.4076
D0499,Kancheepuram,Tamil Nadu,28.3641,73.5697,West,0.64,0.7761,0.5514
D0500,Karur,Tamil Nadu,24.6691,82.9821,North,0.32,0.6209,0.8371
D0501,Krishnagiri,Tamil Nadu,11.0153,72.3352,North,0.24,0.6031,0.5769
D0502,Madurai,Tamil Nadu,8.7652,92.1568,Northeast,0.44,0.8828,0.7387
D0503,Nagapattinam,Tamil Nadu,27.267,79.715,South,0.79,0.8541,0.4891
D0504,Namakkal,Tamil Nadu,29.5146,69.5451,North,0.5,0.9258,0.3831
D0505,Nilgiris,Tamil Nadu,28.7322,91.3186,East,0.49,0.811,0.789
D0506,Perambalur,Tamil Nadu,17.6593,77.6932,North,0.77,0.6332,0.7562
D0507,Pudukkottai,Tamil Nadu,24.8021,87.1459,Central,0.67,0.6768,0.2613
D0508,Ramanathapuram,Tamil Nadu,30.3185,81.9901,Northeast,0.87,0.6775,0.5347
D0509,Ranipet,Tamil Nadu,21.0698,78.7532,Central,0.26,0.631,0.5553
D0510,Salem,Tamil Nadu,32.1209,77.5365,North,0.21,0.6283,0.4242
D0511,Sivaganga,Tamil Nadu,27.1462,84.7994,North,0.57,0.9685,0.6393
D0512,Tenkasi,Tamil Nadu,16.9247,84.3415,West,0.7,0.9228,0.59
D0513,Thanjavur,Tamil Nadu,18.4264,89.8733,East,0.6,0.8505,0.6076
D0514,Theni,Tamil Nadu,29.0854,86.384,South,0.87,0.9168,0.4046
D0515,Thoothukudi,Tamil Nadu,8.6526,85.3806,West,0.28,0.9227,0.5352
D0516,Tiruchirappalli,Tamil Nadu,12.9568,89.3786,North,0.38,0.5775,0.2836
D0517,Tirunelveli,Tamil Nadu,31.4198,71.636,East,0.59,0.6155,0.6758
D0518,Tirupathur,Tamil Nadu,19.072,83.4078,South,0.68,0.8423,0.5076
D0519,Tiruppur,Tamil Nadu,31.8143,71.5104,Central,0.23,0.6825,0.8367
D0520,Tiruvallur,Tamil Nadu,12.7986,73.3018,East,0.44,0.8326,0.4076
D0521,Tiruvannamalai,Tamil Nadu,19.502,96.9545,East,0.26,0.8692,0.6031
D0522,Tiruvarur,Tamil Nadu,20.0036,94.3529,North,0.47,0.8506,0.2721
D0523,Vellore,Tamil Nadu,20.0884,82.3423,West,0.71,0.6508,0.5276
D0524,Viluppuram,Tamil Nadu,29.5312,73.667,Central,0.23,0.9758,0.7093
D0525,Virudhunagar,Tamil Nadu,34.6071,87.2197,South,0.75,0.8367,0.3817
D0526,Adilabad,Telangana,30.0433,95.7665,Central,0.67,0.6598,0.5085
D0527,Bhadradri Kothagudem,Telangana,33.1694,75.7077,Northeast,0.33,0.6253,0.3142
D0528,Hyderabad,Telangana,19.5498,68.3533,Central,0.61,0.5664,0.5211
D0529,Jagtial,Telangana,27.4524,86.3218,Northeast,0.46,0.6095,0.7272
D0530,Jangaon,Telangana,17.0182,71.3934,Central,0.52,0.6685,0.4462
D0531,Jayashankar Bhupalpally,Telangana,28.7586,86.523,Central,0.26,0.8544,0.7243
D0532,Jogulamba Gadwal,Telangana,30.3173,82.2096,West,0.54,0.6602,0.4334
D0533,Kamareddy,Telangana,24.555,89.2789,East,0.82,0.8348,0.4828
D0534,Karimnagar,Telangana,17.6116,78.4049,Central,0.87,0.9239,0.5846
D0535,Khammam,Telangana,28.6779,73.2461,East,0.79,0.7248,0.4526
D0536,Kumuram Bheem Asifabad,Telangana,8.5397,69.7657,South,0.83,0.7557,0.3652
D0537,Mahabubabad,Telangana,26.3387,74.1925,Northeast,0.21,0.7407,0.3443
D0538,Mahabubnagar,Telangana,17.1287,84.1647,East,0.23,0.7832,0.3187
D0539,Mancherial,Telangana,14.7816,82.4209,South,0.66,0.9047,0.6813
D0540,Medak,Telangana,30.9121,95.1435,South,0.6,0.9648,0.4945
D0541,Medchal-Malkajgiri,Telangana,13.2234,74.7128,North,0.24,0.9282,0.5419
D0542,Mulugu,Telangana,14.0358,96.3935,Northeast,0.63,0.975,0.704
D0543,Nagarkurnool,Telangana,11.2709,96.7433,Central,0.81,0.6169,0.3085
D0544,Nalgonda,Telangana,31.0373,83.8979,Northeast,0.26,0.7022,0.4638
D0545,Narayanpet,Telangana,24.2142,84.3976,Central,0.7,0.698,0.3748
D0546,Nirmal,Telangana,33.949,90.317,East,0.54,0.9461,0.7934
D0547,Nizamabad,Telangana,9.8216,95.7829,South,0.58,0.684,0.4843
D0548,Peddapalli,Telangana,24.9214,84.9307,North,0.79,0.8929,0.5202
D0549,Rajanna Sircilla,Telangana,10.027,85.9457,Northeast,0.5,0.5798,0.2532
D0550,Rangareddy,Telangana,11.2239,85.5724,Northeast,0.31,0.9209,0.6462
D0551,Sangareddy,Telangana,16.1421,82.5485,East,0.67,0.6614,0.6071
D0552,Siddipet,Telangana,24.1058,92.5057,South,0.47,0.9676,0.8424
D0553,Suryapet,Telangana,24.0905,81.4418,Northeast,0.57,0.6756,0.4933
D0554,Vikarabad,Telangana,32.3502,91.5789,South,0.26,0.8547,0.8047
D0555,Wanaparthy,Telangana,11.431,74.9742,East,0.38,0.8786,0.4605
D0556,Warangal Rural,Telangana,23.7645,90.0876,East,0.54,0.5718,0.5426
D0557,Warangal Urban,Telangana,20.2857,93.5348,Central,0.69,0.8175,0.3755
D0558,Yadadri Bhuvanagiri,Telangana,15.6447,70.1854,West,0.83,0.9369,0.4137
D0559,Dhalai,Tripura,16.5174,94.6451,Northeast,0.76,0.6322,0.357
D0560,Gomati,Tripura,24.489,94.5074,Central,0.47,0.8331,0.4029
D0561,Khowai,Tripura,20.737,83.5288,East,0.61,0.8361,0.8216
D0562,North Tripura,Tripura,9.6947,74.2812,Northeast,0.62,0.6687,0.6693
D0563,Sepahijala,Tripura,17.7277,84.166,West,0.56,0.6241,0.5361
D0564,South Tripura,Tripura,31.3787,89.6359,West,0.72,0.7518,0.8256
D0565,Unakoti,Tripura,28.907,71.5102,East,0.72,0.6821,0.304
D0566,West Tripura,Tripura,27.287,94.7515,Central,0.32,0.6771,0.7834
D0567,Agra,Uttar Pradesh,24.425,92.7811,South,0.81,0.9269,0.8478
D0568,Aligarh,Uttar Pradesh,25.2659,70.3685,South,0.53,0.9451,0.689
D0569,Ambedkar Nagar,Uttar Pradesh,15.6075,80.9471,Northeast,0.76,0.5876,0.2513
D0570,Amethi,Uttar Pradesh,20.2246,68.0434,Northeast,0.78,0.821,0.2604
D0571,Amroha,Uttar Pradesh,23.3852,87.4615,South,0.86,0.9075,0.4691
D0572,Auraiya,Uttar Pradesh,26.7596,81.3732,South,0.8,0.6971,0.2798
D0573,Ayodhya,Uttar Pradesh,30.8522,77.0534,South,0.39,0.693,0.3424
D0574,Azamgarh,Uttar Pradesh,29.9433,68.0643,Central,0.57,0.7925,0.4336
D0575,Baghpat,Uttar Pradesh,15.9431,80.9622,Northeast,0.29,0.635,0.5568
D0576,Bahraich,Uttar Pradesh,16.672,77.7546,East,0.59,0.5759,0.3839
D0577,Ballia,Uttar Pradesh,34.9503,89.6367,East,0.81,0.5633,0.7967
D0578,Balrampur,Uttar Pradesh,14.1168,77.0046,West,0.53,0.8517,0.4585
D0579,Banda,Uttar Pradesh,23.5906,89.3198,West,0.57,0.9432,0.7817
D0580,Barabanki,Uttar Pradesh,33.6084,94.161,Central,0.23,0.6607,0.7235
D0581,Bareilly,Uttar Pradesh,30.8514,74.1762,East,0.42,0.8,0.39
D0582,Basti,Uttar Pradesh,23.167,94.7717,North,0.66,0.6558,0.288
D0583,Bhadohi,Uttar Pradesh,27.1854,84.7068,Central,0.39,0.7946,0.4476
D0584,Bijnor,Uttar Pradesh,23.1017,82.0074,North,0.82,0.8575,0.3096
D0585,Budaun,Uttar Pradesh,10.2784,81.612,East,0.62,0.8752,0.5703
D0586,Bulandshahr,Uttar Pradesh,26.9478,89.3231,Central,0.85,0.8616,0.3081
D0587,Chandauli,Uttar Pradesh,31.2437,73.5317,North,0.37,0.7469,0.5657
D0588,Chitrakoot,Uttar Pradesh,25.7713,69.3314,Northeast,0.77,0.7683,0.771
D0589,Deoria,Uttar Pradesh,20.6109,74.0417,Central,0.52,0.8083,0.6259
D0590,Etah,Uttar Pradesh,10.2212,78.2655,North,0.7,0.8412,0.8434
D0591,Etawah,Uttar Pradesh,27.7385,74.4591,East,0.57,0.6955,0.556
D0592,Farrukhabad,Uttar Pradesh,10.1759,71.0735,West,0.39,0.9356,0.4136
D0593,Fatehpur,Uttar Pradesh,18.3701,68.6343,West,0.5,0.8286,0.8308
D0594,Firozabad,Uttar Pradesh,9.5466,70.653,Northeast,0.35,0.9679,0.3873
D0595,Gautam Buddha Nagar,Uttar Pradesh,22.4903,77.5386,East,0.33,0.6262,0.4532
D0596,Ghaziabad,Uttar Pradesh,33.3697,87.1239,Northeast,0.7,0.8874,0.4789
D0597,Ghazipur,Uttar Pradesh,24.977,73.9728,North,0.61,0.9282,0.4824
D0598,Gonda,Uttar Pradesh,31.9108,77.6909,South,0.75,0.8578,0.277
D0599,Gorakhpur,Uttar Pradesh,27.4743,96.11,South,0.83,0.8669,0.2828
D0600,Hamirpur,Uttar Pradesh,23.4921,75.1981,South,0.48,0.562,0.2706
D0601,Hapur,Uttar Pradesh,23.184,82.5674,Central,0.36,0.6372,0.312
D0602,Hardoi,Uttar Pradesh,24.5164,93.4999,Northeast,0.27,0.957,0.4229
D0603,Hathras,Uttar Pradesh,29.9806,94.4264,Northeast,0.39,0.7658,0.3076
D0604,Jalaun,Uttar Pradesh,15.4032,96.7675,West,0.49,0.8072,0.3375
D0605,Jaunpur,Uttar Pradesh,34.0747,71.1815,North,0.26,0.6979,0.5342
D0606,Jhansi,Uttar Pradesh,10.3024,92.6947,North,0.46,0.7743,0.5425
D0607,Kannauj,Uttar Pradesh,10.7856,69.4537,West,0.7,0.619,0.8124
D0608,Kanpur Dehat,Uttar Pradesh,11.0539,73.5856,Northeast,0.64,0.6683,0.3932
D0609,Kanpur Nagar,Uttar Pradesh,20.3519,70.6787,West,0.36,0.9296,0.483
D0610,Kasganj,Uttar Pradesh,30.6498,73.1765,Northeast,0.76,0.5631,0.8023
D0611,Kaushambi,Uttar Pradesh,18.707,96.3615,Northeast,0.54,0.6739,0.8306
D0612,Kheri,Uttar Pradesh,31.0994,94.1744,Central,0.22,0.5858,0.689
D0613,Kushinagar,Uttar Pradesh,9.051,68.3297,East,0.41,0.6507,0.5728
D0614,Lalitpur,Uttar Pradesh,26.582,88.0417,East,0.73,0.6997,0.464
D0615,Lucknow,Uttar Pradesh,25.6643,87.1593,North,0.44,0.5752,0.3008
D0616,Maharajganj,Uttar Pradesh,28.8464,89.0092,North,0.46,0.8062,0.2706
D0617,Mahoba,Uttar Pradesh,27.1403,83.7673,East,0.62,0.821,0.6358
D0618,Mainpuri,Uttar Pradesh,24.9123,95.7479,East,0.38,0.9423,0.3026
D0619,Mathura,Uttar Pradesh,25.219,83.9959,North,0.47,0.95,0.4551
D0620,Mau,Uttar Pradesh,9.2155,95.4568,Central,0.23,0.9034,0.7444
D0621,Meerut,Uttar Pradesh,13.3994,87.0668,Central,0.8,0.5517,0.6442
D0622,Mirzapur,Uttar Pradesh,27.2064,77.9604,North,0.26,0.8985,0.7433
D0623,Moradabad,Uttar Pradesh,14.2165,91.6886,South,0.36,0.6324,0.7792
D0624,Muzaffarnagar,Uttar Pradesh,14.243,83.3943,North,0.8,0.9579,0.6241
D0625,Pilibhit,Uttar Pradesh,10.4555,78.2611,West,0.79,0.7997,0.3557
D0626,Pratapgarh,Uttar Pradesh,14.3705,69.5531,South,0.67,0.6287,0.3095
D0627,Prayagraj,Uttar Pradesh,16.6674,85.7631,Northeast,0.61,0.6181,0.7801
D0628,Rae Bareli,Uttar Pradesh,24.1192,75.1968,Central,0.65,0.7475,0.337
D0629,Rampur,Uttar Pradesh,14.581,73.8685,South,0.5,0.7062,0.4661
D0630,Saharanpur,Uttar Pradesh,14.7913,80.6564,North,0.63,0.6445,0.6867
D0631,Sambhal,Uttar Pradesh,8.7298,89.7628,North,0.53,0.5946,0.4742
D0632,Sant Kabir Nagar,Uttar Pradesh,11.1938,75.6028,Northeast,0.8,0.6468,0.6033
D0633,Shahjahanpur,Uttar Pradesh,27.4666,74.2914,Northeast,0.27,0.9145,0.7982
D0634,Shamli,Uttar Pradesh,18.0537,93.4488,Northeast,0.68,0.8748,0.5022
D0635,Shravasti,Uttar Pradesh,14.5559,81.013,Central,0.51,0.5516,0.5331
D0636,Siddharthnagar,Uttar Pradesh,17.3763,84.1403,North,0.25,0.5741,0.2775
D0637,Sitapur,Uttar Pradesh,27.4264,82.8958,East,0.86,0.6363,0.6831
D0638,Sonbhadra,Uttar Pradesh,34.9594,96.7257,Northeast,0.5,0.5639,0.4315
D0639,Sultanpur,Uttar Pradesh,25.5713,94.4,Central,0.34,0.6885,0.3976
D0640,Unnao,Uttar Pradesh,34.7558,86.9795,North,0.46,0.7453,0.5132
D0641,Varanasi,Uttar Pradesh,12.6862,92.8381,West,0.88,0.8592,0.3502
D0642,Almora,Uttarakhand,10.668,80.9094,South,0.69,0.7796,0.4897
D0643,Bageshwar,Uttarakhand,34.5379,81.8486,West,0.31,0.8594,0.2715
D0644,Chamoli,Uttarakhand,23.2478,89.8231,West,0.72,0.8278,0.6464
D0645,Champawat,Uttarakhand,11.5567,75.1951,Northeast,0.81,0.7329,0.3351
D0646,Dehradun,Uttarakhand,18.8085,76.4563,Central,0.77,0.7563,0.5213
D0647,Haridwar,Uttarakhand,8.4482,71.6017,Northeast,0.3,0.8625,0.6296
D0648,Nainital,Uttarakhand,15.6691,74.2413,Northeast,0.44,0.7022,0.2514
D0649,Pauri Garhwal,Uttarakhand,29.0483,94.4727,South,0.87,0.9163,0.7791
D0650,Pithoragarh,Uttarakhand,8.0769,78.5055,North,0.6,0.9034,0.3635
D0651,Rudraprayag,Uttarakhand,8.5528,83.6512,Central,0.73,0.8072,0.7824
D0652,Tehri Garhwal,Uttarakhand,17.0035,71.8605,West,0.31,0.7413,0.8158
D0653,Udham Singh Nagar,Uttarakhand,25.4013,78.3031,Northeast,0.32,0.6383,0.7016
D0654,Uttarkashi,Uttarakhand,26.7803,84.9224,South,0.83,0.6813,0.2888
D0655,Alipurduar,West Bengal,17.5802,69.273,North,0.22,0.9031,0.2644
D0656,Bankura,West Bengal,25.9677,86.8477,Central,0.33,0.5807,0.587
D0657,Birbhum,West Bengal,31.1905,84.3049,East,0.82,0.5831,0.6035
D0658,Cooch Behar,West Bengal,30.4844,86.6627,Central,0.38,0.6212,0.557
D0659,Dakshin Dinajpur,West Bengal,30.5496,86.3885,North,0.3,0.8929,0.3166
D0660,Darjeeling,West Bengal,15.6149,93.4315,West,0.81,0.7336,0.5463
D0661,Hooghly,West Bengal,11.4093,82.6034,North,0.31,0.7845,0.6041
D0662,Howrah,West Bengal,10.3747,79.7474,Central,0.6,0.9377,0.7703
D0663,Jalpaiguri,West Bengal,14.583,72.0633,West,0.63,0.5786,0.405
D0664,Jhargram,West Bengal,27.9992,89.9473,South,0.58,0.865,0.4491
D0665,Kalimpong,West Bengal,29.294,77.5518,Northeast,0.75,0.8073,0.3392
D0666,Kolkata,West Bengal,20.8578,73.1591,South,0.31,0.8147,0.6016
D0667,Malda,West Bengal,22.8839,77.8759,Central,0.81,0.961,0.4349
D0668,Murshidabad,West Bengal,22.5837,86.7748,Northeast,0.4,0.9094,0.8279
D0669,Nadia,West Bengal,32.0416,82.251,North,0.46,0.5618,0.8198
D0670,North 24 Parganas,West Bengal,9.068,94.1857,Central,0.71,0.8377,0.6808
D0671,Paschim Bardhaman,West Bengal,33.6529,71.4733,East,0.75,0.6186,0.3506
D0672,Paschim Medinipur,West Bengal,8.2203,87.9468,South,0.55,0.8634,0.3769
D0673,Purba Bardhaman,West Bengal,17.1258,87.0885,Central,0.73,0.9124,0.744
D0674,Purba Medinipur,West Bengal,15.3247,91.5955,South,0.89,0.721,0.6513
D0675,Purulia,West Bengal,16.706,81.0741,South,0.44,0.8323,0.3376
D0676,South 24 Parganas,West Bengal,21.0613,75.9129,North,0.7,0.7637,0.4012
D0677,Uttar Dinajpur,West Bengal,26.0662,70.4337,Northeast,0.68,0.7857,0.7674
D0678,Nicobar,Andaman and Nicobar Islands,13.1165,92.9947,Central,0.33,0.7377,0.2843
D0679,North and Middle Andaman,Andaman and Nicobar Islands,19.9615,94.1785,West,0.85,0.7597,0.4037
D0680,South Andaman,Andaman and Nicobar Islands,21.0338,94.586,West,0.3,0.7829,0.4826
D0681,Chandigarh,Chandigarh,25.5439,74.9992,West,0.25,0.7654,0.7869
D0682,Dadra and Nagar Haveli,Dadra and Nagar Haveli and Daman and Diu,30.2042,69.867,Northeast,0.88,0.953,0.8152
D0683,Daman,Dadra and Nagar Haveli and Daman and Diu,30.1695,89.3328,East,0.49,0.7681,0.3137
D0684,Diu,Dadra and Nagar Haveli and Daman and Diu,22.4273,92.971,North,0.77,0.8725,0.4713
D0685,Anantnag,Jammu and Kashmir,19.3217,93.9025,Central,0.88,0.8771,0.8279
D0686,Bandipora,Jammu and Kashmir,12.1427,93.2353,West,0.26,0.8644,0.4326
D0687,Baramulla,Jammu and Kashmir,16.3716,86.5558,Northeast,0.83,0.5973,0.6389
D0688,Budgam,Jammu and Kashmir,34.218,75.9205,South,0.49,0.5774,0.6698
D0689,Doda,Jammu and Kashmir,14.6397,85.2961,South,0.62,0.6061,0.4324
D0690,Ganderbal,Jammu and Kashmir,18.9561,90.8593,Central,0.71,0.9471,0.6244
D0691,Jammu,Jammu and Kashmir,14.403,72.0478,East,0.38,0.6306,0.6319
D0692,Kathua,Jammu and Kashmir,17.7897,85.4974,Northeast,0.5,0.5521,0.4067
D0693,Kishtwar,Jammu and Kashmir,9.1085,88.5772,North,0.53,0.8047,0.3675
D0694,Kulgam,Jammu and Kashmir,11.2073,85.1261,North,0.72,0.6727,0.6744
D0695,Kupwara,Jammu and Kashmir,25.6493,80.8489,Central,0.56,0.6269,0.3681
D0696,Poonch,Jammu and Kashmir,22.2338,91.045,East,0.37,0.8557,0.5378
D0697,Pulwama,Jammu and Kashmir,24.7502,71.7602,North,0.44,0.6161,0.2647
D0698,Rajouri,Jammu and Kashmir,33.1046,89.4447,Northeast,0.56,0.5993,0.7774
D0699,Ramban,Jammu and Kashmir,15.5687,84.9308,East,0.5,0.872,0.2748
D0700,Reasi,Jammu and Kashmir,33.26,84.3113,Northeast,0.29,0.8256,0.6978
D0701,Samba,Jammu and Kashmir,10.304,72.7751,East,0.8,0.9727,0.697
D0702,Shopian,Jammu and Kashmir,8.1506,94.2003,South,0.33,0.8873,0.4379
D0703,Srinagar,Jammu and Kashmir,22.4119,89.3672,Central,0.84,0.6412,0.7865
D0704,Udhampur,Jammu and Kashmir,30.8456,68.8676,Central,0.21,0.666,0.7157
D0705,Kargil,Ladakh,17.1943,78.9474,South,0.57,0.6252,0.5619
D0706,Leh,Ladakh,27.9048,95.5106,South,0.58,0.9523,0.4793
D0707,Lakshadweep,Lakshadweep,25.6776,84.682,West,0.24,0.7395,0.6303
D0708,Karaikal,Puducherry,34.4955,88.1664,Northeast,0.8,0.8521,0.4587
D0709,Mahe,Puducherry,17.5875,69.044,Northeast,0.68,0.6374,0.2893
D0710,Puducherry,Puducherry,15.9041,77.1932,West,0.43,0.9545,0.8205
D0711,Yanam,Puducherry,9.5131,96.577,North,0.36,0.6508,0.7669
